<?xml version="1.0" encoding="UTF-8" standalone="no"?>
<project default="create_run_jar" name="Create Runnable Jar for Project PruebaJSONPass with Jar-in-Jar Loader">
    <!--this file was created by Eclipse Runnable JAR Export Wizard-->
    <!--ANT 1.7 is required                                        -->
    <target name="create_run_jar">
        <jar destfile="C:/Copias de seguridad/Finesce/HiveClientProject/15-07-06--HiveClientProject/HiveClientProject.jar">
            <manifest>
                <attribute name="Main-Class" value="org.eclipse.jdt.internal.jarinjarloader.JarRsrcLoader"/>
                <attribute name="Rsrc-Main-Class" value="org.acciona.main.Main"/>
                <attribute name="Class-Path" value="."/>
                <attribute name="Rsrc-Class-Path" value="./ java-json.jar com.sun.net.ssl.jar gson-2.0.jar postgresql-9.3-1102.jdbc3.jar"/>
            </manifest>
            <zipfileset src="jar-in-jar-loader.zip"/>
            <fileset dir="C:/Documents and Settings/Administrador/workspace/PruebaJSONPass/bin"/>
            <zipfileset dir="C:\Documents and Settings\Administrador\workspace\PruebaJSONPass" includes="java-json.jar"/>
            <zipfileset dir="C:\Documents and Settings\Administrador\workspace\PruebaJSONPass" includes="com.sun.net.ssl.jar"/>
            <zipfileset dir="C:\Documents and Settings\Administrador\workspace\PruebaJSONPass" includes="gson-2.0.jar"/>
            <zipfileset dir="C:\Documents and Settings\Administrador\workspace\PruebaJSONPass" includes="postgresql-9.3-1102.jdbc3.jar"/>
        </jar>
    </target>
</project>
