<?xml version="1.0" encoding="UTF-8" standalone="no"?>
<project default="create_run_jar" name="Create Runnable Jar for Project FinesceJavaTask with Jar-in-Jar Loader">
    <!--this file was created by Eclipse Runnable JAR Export Wizard-->
    <!--ANT 1.7 is required                                        -->
    <target name="create_run_jar">
        <jar destfile="C:/Copias de seguridad/Finesce/FinesceJavaTask/15-04-16--FinesceJavaTask/FinesceJavaTask.jar">
            <manifest>
                <attribute name="Main-Class" value="org.eclipse.jdt.internal.jarinjarloader.JarRsrcLoader"/>
                <attribute name="Rsrc-Main-Class" value="org.acciona.main.Main"/>
                <attribute name="Class-Path" value="."/>
                <attribute name="Rsrc-Class-Path" value="./ velocity-1.5.jar ant-contrib-1.0b3.jar antlr-runtime-3.0.1.jar asm-3.1.jar avro-1.5.4.jar avro-ipc-1.5.4.jar avro-mapred-1.5.4.jar commons-cli-1.2.jar commons-codec-1.3.jar commons-collections-3.2.1.jar commons-dbcp-1.4.jar commons-lang-2.4.jar commons-logging-1.0.4.jar commons-logging-api-1.0.4.jar commons-pool-1.5.4.jar datanucleus-connectionpool-2.0.3.jar datanucleus-core-2.0.3-ZD5977-CDH5293.jar datanucleus-enhancer-2.0.3.jar datanucleus-rdbms-2.0.3.jar derby.jar guava-r06.jar hadoop-core.jar haivvreo-1.0.7-cdh-2.jar high-scale-lib-1.1.1.jar hive-anttasks-0.7.1-cdh3u6.jar hive-cli-0.7.1-cdh3u6.jar hive-common-0.7.1-cdh3u6.jar hive-contrib-0.7.1-cdh3u6.jar hive-exec-0.7.1-cdh3u6.jar hive-hbase-handler-0.7.1-cdh3u6.jar hive-jdbc-0.7.1-cdh3u6.jar hive-metastore-0.7.1-cdh3u6.jar hive-serde-0.7.1-cdh3u6.jar hive-service-0.7.1-cdh3u6.jar hive-shims-0.7.1-cdh3u6.jar jackson-core-asl-1.7.3.jar jackson-jaxrs-1.7.3.jar jackson-mapper-asl-1.7.3.jar jackson-xc-1.7.3.jar jdo2-api-2.3-ec.jar jline-0.9.94.jar json.jar junit-3.8.1.jar libfb303.jar libthrift.jar log4j-1.2.15.jar slf4j-api-1.6.1.jar slf4j-log4j12-1.6.1.jar snappy-java-1.0.3.2.jar stringtemplate-3.1b1.jar thrift-0.5.0.jar thrift-fb303-0.5.0.jar jsch-0.1.50.jar msbase.jar mssqlserver.jar msutil.jar commons-codec-1.9-test-sources.jar commons-codec-1.9.jar commons-codec-1.9-javadoc.jar commons-codec-1.9-sources.jar commons-codec-1.9-tests.jar commons-codec-1.6.jar commons-logging-1.1.3.jar fluent-hc-4.3.4.jar httpclient-4.3.4.jar httpclient-cache-4.3.4.jar httpcore-4.3.2.jar httpmime-4.3.4.jar commons-cli-1.2.jar httpcore-4.3.2.jar httpcore-ab-4.3.2.jar httpcore-nio-4.3.2.jar org.apache.commons.httpclient.jar sqljdbc4.jar"/>
            </manifest>
            <zipfileset src="jar-in-jar-loader.zip"/>
            <fileset dir="C:/Documents and Settings/Administrador/workspace/FinesceJavaTask/bin"/>
            <zipfileset dir="C:\Copias de seguridad\Finesce\Finesce - Big Data\Librerias Hive\hackathon_santander_hive_libs" includes="velocity-1.5.jar"/>
            <zipfileset dir="C:\Copias de seguridad\Finesce\Finesce - Big Data\Librerias Hive\hackathon_santander_hive_libs" includes="ant-contrib-1.0b3.jar"/>
            <zipfileset dir="C:\Copias de seguridad\Finesce\Finesce - Big Data\Librerias Hive\hackathon_santander_hive_libs" includes="antlr-runtime-3.0.1.jar"/>
            <zipfileset dir="C:\Copias de seguridad\Finesce\Finesce - Big Data\Librerias Hive\hackathon_santander_hive_libs" includes="asm-3.1.jar"/>
            <zipfileset dir="C:\Copias de seguridad\Finesce\Finesce - Big Data\Librerias Hive\hackathon_santander_hive_libs" includes="avro-1.5.4.jar"/>
            <zipfileset dir="C:\Copias de seguridad\Finesce\Finesce - Big Data\Librerias Hive\hackathon_santander_hive_libs" includes="avro-ipc-1.5.4.jar"/>
            <zipfileset dir="C:\Copias de seguridad\Finesce\Finesce - Big Data\Librerias Hive\hackathon_santander_hive_libs" includes="avro-mapred-1.5.4.jar"/>
            <zipfileset dir="C:\Copias de seguridad\Finesce\Finesce - Big Data\Librerias Hive\hackathon_santander_hive_libs" includes="commons-cli-1.2.jar"/>
            <zipfileset dir="C:\Copias de seguridad\Finesce\Finesce - Big Data\Librerias Hive\hackathon_santander_hive_libs" includes="commons-codec-1.3.jar"/>
            <zipfileset dir="C:\Copias de seguridad\Finesce\Finesce - Big Data\Librerias Hive\hackathon_santander_hive_libs" includes="commons-collections-3.2.1.jar"/>
            <zipfileset dir="C:\Copias de seguridad\Finesce\Finesce - Big Data\Librerias Hive\hackathon_santander_hive_libs" includes="commons-dbcp-1.4.jar"/>
            <zipfileset dir="C:\Copias de seguridad\Finesce\Finesce - Big Data\Librerias Hive\hackathon_santander_hive_libs" includes="commons-lang-2.4.jar"/>
            <zipfileset dir="C:\Copias de seguridad\Finesce\Finesce - Big Data\Librerias Hive\hackathon_santander_hive_libs" includes="commons-logging-1.0.4.jar"/>
            <zipfileset dir="C:\Copias de seguridad\Finesce\Finesce - Big Data\Librerias Hive\hackathon_santander_hive_libs" includes="commons-logging-api-1.0.4.jar"/>
            <zipfileset dir="C:\Copias de seguridad\Finesce\Finesce - Big Data\Librerias Hive\hackathon_santander_hive_libs" includes="commons-pool-1.5.4.jar"/>
            <zipfileset dir="C:\Copias de seguridad\Finesce\Finesce - Big Data\Librerias Hive\hackathon_santander_hive_libs" includes="datanucleus-connectionpool-2.0.3.jar"/>
            <zipfileset dir="C:\Copias de seguridad\Finesce\Finesce - Big Data\Librerias Hive\hackathon_santander_hive_libs" includes="datanucleus-core-2.0.3-ZD5977-CDH5293.jar"/>
            <zipfileset dir="C:\Copias de seguridad\Finesce\Finesce - Big Data\Librerias Hive\hackathon_santander_hive_libs" includes="datanucleus-enhancer-2.0.3.jar"/>
            <zipfileset dir="C:\Copias de seguridad\Finesce\Finesce - Big Data\Librerias Hive\hackathon_santander_hive_libs" includes="datanucleus-rdbms-2.0.3.jar"/>
            <zipfileset dir="C:\Copias de seguridad\Finesce\Finesce - Big Data\Librerias Hive\hackathon_santander_hive_libs" includes="derby.jar"/>
            <zipfileset dir="C:\Copias de seguridad\Finesce\Finesce - Big Data\Librerias Hive\hackathon_santander_hive_libs" includes="guava-r06.jar"/>
            <zipfileset dir="C:\Copias de seguridad\Finesce\Finesce - Big Data\Librerias Hive\hackathon_santander_hive_libs" includes="hadoop-core.jar"/>
            <zipfileset dir="C:\Copias de seguridad\Finesce\Finesce - Big Data\Librerias Hive\hackathon_santander_hive_libs" includes="haivvreo-1.0.7-cdh-2.jar"/>
            <zipfileset dir="C:\Copias de seguridad\Finesce\Finesce - Big Data\Librerias Hive\hackathon_santander_hive_libs" includes="high-scale-lib-1.1.1.jar"/>
            <zipfileset dir="C:\Copias de seguridad\Finesce\Finesce - Big Data\Librerias Hive\hackathon_santander_hive_libs" includes="hive-anttasks-0.7.1-cdh3u6.jar"/>
            <zipfileset dir="C:\Copias de seguridad\Finesce\Finesce - Big Data\Librerias Hive\hackathon_santander_hive_libs" includes="hive-cli-0.7.1-cdh3u6.jar"/>
            <zipfileset dir="C:\Copias de seguridad\Finesce\Finesce - Big Data\Librerias Hive\hackathon_santander_hive_libs" includes="hive-common-0.7.1-cdh3u6.jar"/>
            <zipfileset dir="C:\Copias de seguridad\Finesce\Finesce - Big Data\Librerias Hive\hackathon_santander_hive_libs" includes="hive-contrib-0.7.1-cdh3u6.jar"/>
            <zipfileset dir="C:\Copias de seguridad\Finesce\Finesce - Big Data\Librerias Hive\hackathon_santander_hive_libs" includes="hive-exec-0.7.1-cdh3u6.jar"/>
            <zipfileset dir="C:\Copias de seguridad\Finesce\Finesce - Big Data\Librerias Hive\hackathon_santander_hive_libs" includes="hive-hbase-handler-0.7.1-cdh3u6.jar"/>
            <zipfileset dir="C:\Copias de seguridad\Finesce\Finesce - Big Data\Librerias Hive\hackathon_santander_hive_libs" includes="hive-jdbc-0.7.1-cdh3u6.jar"/>
            <zipfileset dir="C:\Copias de seguridad\Finesce\Finesce - Big Data\Librerias Hive\hackathon_santander_hive_libs" includes="hive-metastore-0.7.1-cdh3u6.jar"/>
            <zipfileset dir="C:\Copias de seguridad\Finesce\Finesce - Big Data\Librerias Hive\hackathon_santander_hive_libs" includes="hive-serde-0.7.1-cdh3u6.jar"/>
            <zipfileset dir="C:\Copias de seguridad\Finesce\Finesce - Big Data\Librerias Hive\hackathon_santander_hive_libs" includes="hive-service-0.7.1-cdh3u6.jar"/>
            <zipfileset dir="C:\Copias de seguridad\Finesce\Finesce - Big Data\Librerias Hive\hackathon_santander_hive_libs" includes="hive-shims-0.7.1-cdh3u6.jar"/>
            <zipfileset dir="C:\Copias de seguridad\Finesce\Finesce - Big Data\Librerias Hive\hackathon_santander_hive_libs" includes="jackson-core-asl-1.7.3.jar"/>
            <zipfileset dir="C:\Copias de seguridad\Finesce\Finesce - Big Data\Librerias Hive\hackathon_santander_hive_libs" includes="jackson-jaxrs-1.7.3.jar"/>
            <zipfileset dir="C:\Copias de seguridad\Finesce\Finesce - Big Data\Librerias Hive\hackathon_santander_hive_libs" includes="jackson-mapper-asl-1.7.3.jar"/>
            <zipfileset dir="C:\Copias de seguridad\Finesce\Finesce - Big Data\Librerias Hive\hackathon_santander_hive_libs" includes="jackson-xc-1.7.3.jar"/>
            <zipfileset dir="C:\Copias de seguridad\Finesce\Finesce - Big Data\Librerias Hive\hackathon_santander_hive_libs" includes="jdo2-api-2.3-ec.jar"/>
            <zipfileset dir="C:\Copias de seguridad\Finesce\Finesce - Big Data\Librerias Hive\hackathon_santander_hive_libs" includes="jline-0.9.94.jar"/>
            <zipfileset dir="C:\Copias de seguridad\Finesce\Finesce - Big Data\Librerias Hive\hackathon_santander_hive_libs" includes="json.jar"/>
            <zipfileset dir="C:\Copias de seguridad\Finesce\Finesce - Big Data\Librerias Hive\hackathon_santander_hive_libs" includes="junit-3.8.1.jar"/>
            <zipfileset dir="C:\Copias de seguridad\Finesce\Finesce - Big Data\Librerias Hive\hackathon_santander_hive_libs" includes="libfb303.jar"/>
            <zipfileset dir="C:\Copias de seguridad\Finesce\Finesce - Big Data\Librerias Hive\hackathon_santander_hive_libs" includes="libthrift.jar"/>
            <zipfileset dir="C:\Copias de seguridad\Finesce\Finesce - Big Data\Librerias Hive\hackathon_santander_hive_libs" includes="log4j-1.2.15.jar"/>
            <zipfileset dir="C:\Copias de seguridad\Finesce\Finesce - Big Data\Librerias Hive\hackathon_santander_hive_libs" includes="slf4j-api-1.6.1.jar"/>
            <zipfileset dir="C:\Copias de seguridad\Finesce\Finesce - Big Data\Librerias Hive\hackathon_santander_hive_libs" includes="slf4j-log4j12-1.6.1.jar"/>
            <zipfileset dir="C:\Copias de seguridad\Finesce\Finesce - Big Data\Librerias Hive\hackathon_santander_hive_libs" includes="snappy-java-1.0.3.2.jar"/>
            <zipfileset dir="C:\Copias de seguridad\Finesce\Finesce - Big Data\Librerias Hive\hackathon_santander_hive_libs" includes="stringtemplate-3.1b1.jar"/>
            <zipfileset dir="C:\Copias de seguridad\Finesce\Finesce - Big Data\Librerias Hive\hackathon_santander_hive_libs" includes="thrift-0.5.0.jar"/>
            <zipfileset dir="C:\Copias de seguridad\Finesce\Finesce - Big Data\Librerias Hive\hackathon_santander_hive_libs" includes="thrift-fb303-0.5.0.jar"/>
            <zipfileset dir="C:\Documents and Settings\Administrador\workspace\HiveClientProject\external_jars" includes="jsch-0.1.50.jar"/>
            <zipfileset dir="C:\Documents and Settings\Administrador\workspace\HiveClientProject\external_jars" includes="msbase.jar"/>
            <zipfileset dir="C:\Documents and Settings\Administrador\workspace\HiveClientProject\external_jars" includes="mssqlserver.jar"/>
            <zipfileset dir="C:\Documents and Settings\Administrador\workspace\HiveClientProject\external_jars" includes="msutil.jar"/>
            <zipfileset dir="C:\a_borrar\libreria_java_commons\commons-codec-1.9" includes="commons-codec-1.9-test-sources.jar"/>
            <zipfileset dir="C:\a_borrar\libreria_java_commons\commons-codec-1.9" includes="commons-codec-1.9.jar"/>
            <zipfileset dir="C:\a_borrar\libreria_java_commons\commons-codec-1.9" includes="commons-codec-1.9-javadoc.jar"/>
            <zipfileset dir="C:\a_borrar\libreria_java_commons\commons-codec-1.9" includes="commons-codec-1.9-sources.jar"/>
            <zipfileset dir="C:\a_borrar\libreria_java_commons\commons-codec-1.9" includes="commons-codec-1.9-tests.jar"/>
            <zipfileset dir="C:\a_borrar\libreria_java_commons\httpcomponents-client-4.3.4\lib" includes="commons-codec-1.6.jar"/>
            <zipfileset dir="C:\a_borrar\libreria_java_commons\httpcomponents-client-4.3.4\lib" includes="commons-logging-1.1.3.jar"/>
            <zipfileset dir="C:\a_borrar\libreria_java_commons\httpcomponents-client-4.3.4\lib" includes="fluent-hc-4.3.4.jar"/>
            <zipfileset dir="C:\a_borrar\libreria_java_commons\httpcomponents-client-4.3.4\lib" includes="httpclient-4.3.4.jar"/>
            <zipfileset dir="C:\a_borrar\libreria_java_commons\httpcomponents-client-4.3.4\lib" includes="httpclient-cache-4.3.4.jar"/>
            <zipfileset dir="C:\a_borrar\libreria_java_commons\httpcomponents-client-4.3.4\lib" includes="httpcore-4.3.2.jar"/>
            <zipfileset dir="C:\a_borrar\libreria_java_commons\httpcomponents-client-4.3.4\lib" includes="httpmime-4.3.4.jar"/>
            <zipfileset dir="C:\a_borrar\libreria_java_commons\httpcomponents-core-4.3.2\lib" includes="commons-cli-1.2.jar"/>
            <zipfileset dir="C:\a_borrar\libreria_java_commons\httpcomponents-core-4.3.2\lib" includes="httpcore-4.3.2.jar"/>
            <zipfileset dir="C:\a_borrar\libreria_java_commons\httpcomponents-core-4.3.2\lib" includes="httpcore-ab-4.3.2.jar"/>
            <zipfileset dir="C:\a_borrar\libreria_java_commons\httpcomponents-core-4.3.2\lib" includes="httpcore-nio-4.3.2.jar"/>
            <zipfileset dir="C:\a_borrar\libreria_java_commons" includes="org.apache.commons.httpclient.jar"/>
            <zipfileset dir="C:\Archivos de programa\Java\jdk1.7.0_04\bin" includes="sqljdbc4.jar"/>
        </jar>
    </target>
</project>
